username,password
linhnguyen,Itssoeasy@2212
rachelmorris99,!@@btFFdnes2!uv
katyperry,s@i3fT4YxPXFPW6
shawn_mendes,Itssoeasy@2212
charliputh,Itssoeasy@2212
smdgvyn,Itssoeasy@2212
dhcbxezstahu,Itssoeasy@2212
wgxrqebDgjbocl,Itssoeasy@2212
oiszaa,Itssoeasy@2212
pzguu,Itssoeasy@2212
hdwvjlpepegirnM,Itssoeasy@2212
nxsxjukahoIbyk,Itssoeasy@2212
Tfulmbexyvzeub,Itssoeasy@2212
ayfzbmoq,Itssoeasy@2212
iuuzrtjm,Itssoeasy@2212
qfgrjjvJmqzelf,Itssoeasy@2212
pjqdEbsqjpon,Itssoeasy@2212
Uptfveih,Itssoeasy@2212
wfnuvjziwtgb,Itssoeasy@2212
zIntprgb,Itssoeasy@2212
rutamm,Itssoeasy@2212
bwknqtn,Itssoeasy@2212
rmwsm,Itssoeasy@2212
bkeseevevrjqzbi,Itssoeasy@2212
yqoynw,Itssoeasy@2212
kwabUmcsaihzpau,Itssoeasy@2212
yhnyvrpuLnyg,Itssoeasy@2212
tctoyckfenfxu,Itssoeasy@2212
tldfwhcwviasme,Itssoeasy@2212
cgnoviffw,Itssoeasy@2212
jwukmpbwuanqpab,Itssoeasy@2212
Mifjltriihop,Itssoeasy@2212
sachvqggqHevohc,Itssoeasy@2212
hhtpqfYp,Itssoeasy@2212
dyvqji,Itssoeasy@2212
rrhfwnsu,Itssoeasy@2212
bjmprarzeb,Itssoeasy@2212
zxcqbmzsbvpuI,Itssoeasy@2212
ohxmtzhim,Itssoeasy@2212
eqxtxqtpdktctjy,Itssoeasy@2212
Hvhomugjmo,Itssoeasy@2212
gKgfxooh,Itssoeasy@2212
qxpooyjb,Itssoeasy@2212
eqdlemqvgpcdcJq,Itssoeasy@2212
mmqhb,Itssoeasy@2212
zgggbUuz,Itssoeasy@2212
egpDxebhmt,Itssoeasy@2212
rhrUkhqd,Itssoeasy@2212
bonwhbi,Itssoeasy@2212
korndnupsiddxnv,Itssoeasy@2212
iqYqdwy,Itssoeasy@2212
wRmmdsgqeya,Itssoeasy@2212
orytg,Itssoeasy@2212
wrhvlq,Itssoeasy@2212
wvahk,Itssoeasy@2212
oljxhkfbHtsw,Itssoeasy@2212
osqyt,Itssoeasy@2212
higdZv,Itssoeasy@2212
fhgjdctpdarrnjv,Itssoeasy@2212
ynvkrp,Itssoeasy@2212
Fixvr,Itssoeasy@2212
pawkywhuq,Itssoeasy@2212
ldivfjajxzckrNl,Itssoeasy@2212
yfvdzhkalhetke,Itssoeasy@2212
Lbcmcggykpxyb,Itssoeasy@2212
ajdzxroenlj,Itssoeasy@2212
xkccogave,Itssoeasy@2212
dkQrYpgprenpv,Itssoeasy@2212
xwyqwhflmHN,Itssoeasy@2212
hlhlfwcjwhgw,Itssoeasy@2212
dxGytamc,Itssoeasy@2212
iovorfuzxqikm,Itssoeasy@2212
iujsetB,Itssoeasy@2212
yyuoyuckjyqnix,Itssoeasy@2212
etoWyfivfdy,Itssoeasy@2212
finGvjdjr,Itssoeasy@2212
khlmswDhpk,Itssoeasy@2212
pwmizwnozot,Itssoeasy@2212
lrzwZybmmy,Itssoeasy@2212
lezfqz,Itssoeasy@2212
gnvqfygm,Itssoeasy@2212
hvsMzbwkl,Itssoeasy@2212
liydlpmhgRqn,Itssoeasy@2212
pptfgEbpbegpmi,Itssoeasy@2212
hjzcn,Itssoeasy@2212
alpzcwoxpnw,Itssoeasy@2212
idypxxdgxYvf,Itssoeasy@2212
wjobsishm,Itssoeasy@2212
fdmmob,Itssoeasy@2212
takzokxpowbc,Itssoeasy@2212
giknanh,Itssoeasy@2212
bqizsuqzhbh,Itssoeasy@2212
pzpysehrbipyq,Itssoeasy@2212
yoeHeqvzcek,Itssoeasy@2212
wiyhd,Itssoeasy@2212
nrdlwmhg,Itssoeasy@2212
Oenfkrm,Itssoeasy@2212
cvmegbQell,Itssoeasy@2212
qqtjb,Itssoeasy@2212
zagOjutamnzhajb,Itssoeasy@2212
emiodr,Itssoeasy@2212
atnpti,Itssoeasy@2212
atlanGunxxi,Itssoeasy@2212
panmwfy,Itssoeasy@2212
tjhugiyw,Itssoeasy@2212
